constituency_code,ward_code,ward_name
1,0001,PORT REITZ
1,0002,KIPEVU
1,0003,AIRPORT
1,0004,CHANGAMWE
1,0005,CHAANI
2,0006,JOMVU KUU
2,0007,MIRITINI
2,0008,MIKINDANI
3,0009,MJAMBERE
3,0010,JUNDA
3,0011,BAMBURI
3,0012,MWAKIRUNGE
3,0013,MTOPANGA
3,0014,MAGOGONI
3,0015,SHANZU
4,0016,FRERE TOWN
4,0017,ZIWA LA NG'OMBE
4,0018,MKOMANI
4,0019,KONGOWEA
4,0020,KADZANDANI
5,0021,MTONGWE
5,0022,SHIKA ADABU
5,0023,BOFU
5,0024,LIKONI
5,0025,TIMBWANI
6,0026,MJI WA KALE/MAKADARA
6,0027,TUDOR
6,0028,TONONOKA
6,0029,SHIMANZI/GANJONI
6,0030,MAJENGO
7,0031,GOMBATOBONGWE
7,0032,UKUNDA
7,0033,KINONDO
7,0034,RAMISI
8,0035,PONGWEKIKONENI
8,0036,DZOMBO
8,0037,MWERENI
8,0038,VANGA
9,0039,TSIMBA GOLINI
9,0040,WAA
9,0041,TIWI
9,0042,KUBO SOUTH
9,0043,MKONGANI
10,0044,NADAVAYA
10,0045,PUMA
10,0046,KINANGO
10,0047,MACKINNON-ROAD
10,0048,CHENGONI/SAMBURU
10,0049,MWAVUMBO
10,0050,KASEMENI
11,0051,TEZO
11,0052,SOKONI
11,0053,KIBARANI
11,0054,DABASO
11,0055,MATSANGONI
11,0056,WATAMU
11,0057,MNARANI
12,0058,JUNJU
12,0059,MWARAKAYA
12,0060,SHIMO LA TEWA
12,0061,CHASIMBA
12,0062,MTEPENI
13,0063,MARIAKANI
13,0064,KAYAFUNGO
13,0065,KALOLENI
13,0066,MWANAMWINGA
14,0067,MWAWESA
14,0068,RURUMA
14,0069,KAMBE/RIBE
14,0070,RABAI/KISURUTINI
15,0071,GANZE
15,0072,BAMBA
15,0073,JARIBUNI
15,0074,SOKOKE
16,0075,JILORE
16,0076,KAKUYUNI
16,0077,GANDA
16,0078,MALINDI TOWN
16,0079,SHELLA
17,0080,MARAFA
17,0081,MAGARINI
17,0082,GONGONI
17,0083,ADU
17,0084,GARASHI
17,0085,SABAKI
18,0086,KIPINI EAST
18,0087,GARSEN SOUTH
18,0088,KIPINI WEST
18,0089,GARSEN CENTRAL
18,0090,GARSEN WEST
18,0091,GARSEN NORTH
19,0092,KINAKOMBA
19,0093,MIKINDUNI
19,0094,CHEWANI
19,0095,WAYU
20,0096,CHEWELE
20,0097,BURA
20,0098,BANGALE
20,0099,SALA
20,0100,MADOGO
21,0101,FAZA
21,0102,KIUNGA
21,0103,BASUBA
22,0104,SHELLA
22,0105,MKOMANI
22,0106,HINDI
22,0107,MKUNUMBI
22,0108,HONGWE
22,0109,WITU
22,0110,BAHARI
23,0111,CHALA
23,0112,MAHOO
23,0113,BOMENI
23,0114,MBOGHONI
23,0115,MATA
24,0116,WUNDANYI/MBALE
24,0117,WERUGHA
24,0118,WUMINGU/KISHUSHE
24,0119,MWANDA/MGANGE
25,0120,RONG'E
25,0121,MWATATE
25,0122,BURA
25,0123,CHAWIA
25,0124,WUSI/KISHAMBA
26,0125,MBOLOLO
26,0126,SAGALLA
26,0127,KALOLENI
26,0128,MARUNGU
26,0129,KASIGAU
26,0130,NGOLIA
27,0131,WABERI
27,0132,GALBET
27,0133,TOWNSHIP
27,0134,IFTIN
28,0135,BALAMBALA
28,0136,DANYERE
28,0137,JARA JARA
28,0138,SAKA
28,0139,SANKURI
29,0140,MODOGASHE
29,0141,BENANE
29,0142,GOREALE
29,0143,MAALIMIN
29,0144,SABENA
29,0145,BARAKI
30,0146,DERTU
30,0147,DADAAB
30,0148,LABASIGALE
30,0149,DAMAJALE
30,0150,LIBOI
30,0151,ABAKAILE
31,0152,BURA
31,0153,DEKAHARIA
31,0154,JARAJILA
31,0155,FAFI
31,0156,NANIGHI
32,0157,HULUGHO
32,0158,SANGAILU
32,0159,IJARA
32,0160,MASALANI
33,0161,GURAR
33,0162,BUTE
33,0163,KORONDILE
33,0164,MALKAGUFU
33,0165,BATALU
33,0166,DANABA
33,0167,GODOMA
34,0168,WAGBERI
34,0169,TOWNSHIP
34,0170,BARWAGO
34,0171,KHOROF/HARAR
35,0172,ELBEN
35,0173,SARMAN
35,0174,TARBAJ
35,0175,WARGADUD
36,0176,ARBAJAHAN
36,0177,HADADO/ATHIBOHOL
36,0178,ADEMASAJIDE
36,0179,WAGALLA/GANYURE
37,0180,ELDAS
37,0181,DELLA
37,0182,LAKOLEY SOUTH/BASIR
37,0183,ELNUR/TULA TULA
38,0184,BENANE
38,0185,BURDER
38,0186,DADAJA BULLA
38,0187,HABASSWEIN
38,0188,LAGBOGHOL SOUTH
38,0189,IBRAHIM URE
38,0190,DIIF
39,0191,TAKABA SOUTH
39,0192,TAKABA
39,0193,LAG SURE
39,0194,DANDU
39,0195,GITHER
40,0196,BANISSA
40,0197,DERKHALE
40,0198,GUBA
40,0199,MALKAMARI
40,0200,KILIWEHIRI
41,0201,ASHABITO
41,0202,GUTICHA
41,0203,MOROTHILE
41,0204,RHAMU
41,0205,RHAMU-DIMTU
42,0206,WARGUDUD
42,0207,KUTULO
42,0208,ELWAK SOUTH
42,0209,ELWAK NORTH
42,0210,SHIMBIR FATUMA
43,0211,ARABIA
43,0212,BULLA MPYA
43,0213,KHALALIO
43,0214,NEBOI
43,0215,TOWNSHIP
44,0216,LIBEHIA
44,0217,FINO
44,0218,LAFEY
44,0219,WARANKARA
44,0220,ALUNGO GOF
45,0221,BUTIYE
45,0222,SOLOLO
45,0223,HEILU-MANYATTA
45,0224,GOLBO
45,0225,MOYALE TOWNSHIP
45,0226,URAN
45,0227,OBBU
46,0228,ILLERET
46,0229,NORTH HORR
46,0230,DUKANA
46,0231,MAIKONA
46,0232,TURBI
47,0233,SAGANTE/JALDESA
47,0234,KARARE
47,0235,MARSABIT CENTRAL
48,0236,LOIYANGALANI
48,0237,KARGI/SOUTH HORR
48,0238,KORR/NGURUNIT
48,0239,LOG LOGO
48,0240,LAISAMIS
49,0241,WABERA
49,0242,BULLA PESA
49,0243,CHARI
49,0244,CHERAB
49,0245,NGARE MARA
49,0246,BURAT
49,0247,OLDONYIRO
50,0248,GARBATULLA
50,0249,KINNA
50,0250,SERICHO
51,0251,MAUA
51,0252,KIEGOI/ANTUBOCHIU
51,0253,ATHIRU GAITI
51,0254,AKACHIU
51,0255,KANUNI
52,0256,AKIRANG'ONDU
52,0257,ATHIRU RUUJINE
52,0258,IGEMBE EAST
52,0259,NJIA
52,0260,KANGETA
53,0261,ANTUAMBUI
53,0262,NTUNENE
53,0263,ANTUBETWE KIONGO
53,0264,NAATHU
53,0265,AMWATHI
54,0266,ATHWANA
54,0267,AKITHII
54,0268,KIANJAI
54,0269,NKOMO
54,0270,MBEU
55,0271,THANGATHA
55,0272,MIKINDURI
55,0273,KIGUCHWA
55,0274,MUTHARA
55,0275,KARAMA
56,0276,MUNICIPALITY
56,0277,NTIMA EAST
56,0278,NTIMA WEST
56,0279,NYAKI WEST
56,0280,NYAKI EAST
57,0281,TIMAU
57,0282,KISIMA
57,0283,KIIRUA/NAARI
57,0284,RUIRI/RWARERA
57,0285,KIBIRICHIA
58,0286,MWANGANTHIA
58,0287,ABOTHUGUCHI CENTRAL
58,0288,ABOTHUGUCHI WEST
58,0289,KIAGU
59,0290,MITUNGUU
59,0291,IGOJI EAST
59,0292,IGOJI WEST
59,0293,ABOGETA EAST
59,0294,ABOGETA WEST
59,0295,NKUENE
60,0296,MITHERU
60,0297,MUTHAMBI
60,0298,MWIMBI
60,0299,GANGA
60,0300,CHOGORIA
61,0301,MARIANI
61,0302,KARINGANI
61,0303,MAGUMONI
61,0304,MUGWE
61,0305,IGAMBANG'OMBE
62,0306,GATUNGA
62,0307,MUKOTHIMA
62,0308,NKONDI
62,0309,CHIAKARIGA
62,0310,MARIMANTI
63,0311,RUGURU/NGANDORI
63,0312,KITHIMU
63,0313,NGINDA
63,0314,MBETI NORTH
63,0315,KIRIMARI
63,0316,GATURI SOUTH
64,0317,GATURI NORTH
64,0318,KAGAARI SOUTH
64,0319,CENTRAL  WARD
64,0320,KAGAARI NORTH
64,0321,KYENI NORTH
64,0322,KYENI SOUTH
65,0323,MWEA
65,0324,MAKIMA
65,0325,MBETI SOUTH
65,0326,MAVURIA
65,0327,KIAMBERE
66,0328,NTHAWA
66,0329,MUMINJI
66,0330,EVURORE
67,0331,NGOMENI
67,0332,KYUSO
67,0333,MUMONI
67,0334,TSEIKURU
67,0335,THARAKA
68,0336,KYOME/THAANA
68,0337,NGUUTANI
68,0338,MIGWANI
68,0339,KIOMO/KYETHANI
69,0340,CENTRAL
69,0341,KIVOU
69,0342,NGUNI
69,0343,NUU
69,0344,MUI
69,0345,WAITA
70,0346,MUTONGUNI
70,0347,KAUWI
70,0348,MATINYANI
70,0349,KWA MUTONGA/KITHUMULA
71,0350,KISASI
71,0351,MBITINI
71,0352,KWAVONZA/YATTA
71,0353,KANYANGI
72,0354,MIAMBANI
72,0355,TOWNSHIP
72,0356,KYANGWITHYA WEST
72,0357,MULANGO
72,0358,KYANGWITHYA EAST
73,0359,ZOMBE/MWITIKA
73,0360,CHULUNI
73,0361,NZAMBANI
73,0362,VOO/KYAMATU
73,0363,ENDAU/MALALANI
73,0364,MUTITO/KALIKU
74,0365,IKANGA/KYATUNE
74,0366,MUTOMO
74,0367,MUTHA
74,0368,IKUTHA
74,0369,KANZIKO
74,0370,ATHI
75,0371,KIVAA
75,0372,MASINGA CENTRAL
75,0373,EKALAKALA
75,0374,MUTHESYA
75,0375,NDITHINI
76,0376,NDALANI
76,0377,MATUU
76,0378,KITHIMANI
76,0379,IKOMBE
76,0380,KATANGI
77,0381,KANGUNDO NORTH
77,0382,KANGUNDO CENTRAL
77,0383,KANGUNDO EAST
77,0384,KANGUNDO WEST
78,0385,TALA
78,0386,MATUNGULU NORTH
78,0387,MATUNGULU EAST
78,0388,MATUNGULU WEST
78,0389,KYELENI
79,0390,MITABONI
79,0391,KATHIANI CENTRAL
79,0392,UPPER KAEWA/IVETI
79,0393,LOWER KAEWA/KAANI
80,0394,ATHI RIVER
80,0395,KINANIE
80,0396,MUTHWANI
80,0397,SYOKIMAU/MULOLONGO
81,0398,KALAMA
81,0399,MUA
81,0400,MUTITUNI
81,0401,MACHAKOS CENTRAL
81,0402,MUMBUNI NORTH
81,0403,MUVUTI/KIIMA-KIMWE
81,0404,KOLA
82,0405,MBIUNI
82,0406,MAKUTANO/ MWALA
82,0407,MASII
82,0408,MUTHETHENI
82,0409,WAMUNYU
82,0410,KIBAUNI
83,0411,TULIMANI
83,0412,MBOONI
83,0413,KITHUNGO/KITUNDU
83,0414,KISAU/KITETA
83,0415,WAIA/KAKO
83,0416,KALAWA
84,0417,KASIKEU
84,0418,MUKAA
84,0419,KIIMA KIU/KALANZONI
85,0420,UKIA
85,0421,KEE
85,0422,KILUNGU
85,0423,ILIMA
86,0424,WOTE
86,0425,MUVAU/KIKUUMINI
86,0426,MAVINDINI
86,0427,KITISE/KITHUKI
86,0428,KATHONZWENI
86,0429,NZAUI/KILILI/KALAMBA
86,0430,MBITINI
87,0431,MAKINDU
87,0432,NGUUMO
87,0433,KIKUMBULYU NORTH
87,0434,KIKUMBULYU SOUTH
87,0435,NGUU/MASUMBA
87,0436,EMALI/MULALA
88,0437,MASONGALENI
88,0438,MTITO ANDEI
88,0439,THANGE
88,0440,IVINGONI/NZAMBANI
89,0441,ENGINEER
89,0442,GATHARA
89,0443,NORTH KINANGOP
89,0444,MURUNGARU
89,0445,NJABINI\KIBURU
89,0446,NYAKIO
89,0447,GITHABAI
89,0448,MAGUMU
90,0449,WANJOHI
90,0450,KIPIPIRI
90,0451,GETA
90,0452,GITHIORO
91,0453,KARAU
91,0454,KANJUIRI RIDGE
91,0455,MIRANGINE
91,0456,KAIMBAGA
91,0457,RURII
92,0458,GATHANJI
92,0459,GATIMU
92,0460,WERU
92,0461,CHARAGITA
93,0462,LESHAU PONDO
93,0463,KIRIITA
93,0464,CENTRAL
93,0465,SHAMATA
94,0466,DEDAN KIMANTHI
94,0467,WAMAGANA
94,0468,AGUTHI/GAAKI
95,0469,MWEIGA
95,0470,NAROMORU KIAMATHAGA
95,0471,MWIYOGO/ENDARASHA
95,0472,MUGUNDA
95,0473,GATARAKWA
95,0474,THEGU RIVER
95,0475,KABARU
95,0476,GAKAWA
96,0477,RUGURU
96,0478,MAGUTU
96,0479,IRIAINI
96,0480,KONYU
96,0481,KIRIMUKUYU
96,0482,KARATINA TOWN
97,0483,MAHIGA
97,0484,IRIA-INI
97,0485,CHINGA
97,0486,KARIMA
98,0487,GIKONDI
98,0488,RUGI
98,0489,MUKURWE-INI WEST
98,0490,MUKURWE-INI CENTRAL
99,0491,KIGANJO/MATHARI
99,0492,RWARE
99,0493,GATITU/MURUGURU
99,0494,RURING'U
99,0495,KAMAKWA/MUKARO
100,0496,MUTITHI
100,0497,KANGAI
100,0498,THIBA
100,0499,WAMUMU
100,0500,NYANGATI
100,0501,MURINDUKO
100,0502,GATHIGIRIRI
100,0503,TEBERE
101,0504,KABARE
101,0505,BARAGWI
101,0506,NJUKIINI
101,0507,NGARIAMA
101,0508,KARUMANDI
102,0509,MUKURE
102,0510,KIINE
102,0511,KARITI
103,0512,MUTIRA
103,0513,KANYEKI-INI
103,0514,KERUGOYA
103,0515,INOI
104,0516,KANYENYAINI
104,0517,MUGURU
104,0518,RWATHIA
105,0519,GITUGI
105,0520,KIRU
105,0521,KAMACHARIA
106,0522,WANGU
106,0523,MUGOIRI
106,0524,MBIRI
106,0525,TOWNSHIP
106,0526,MURARANDIA
106,0527,GATURI
107,0528,KAHUMBU
107,0529,MUTHITHI
107,0530,KIGUMO
107,0531,KANGARI
107,0532,KINYONA
108,0533,KIMORORI/WEMPA
108,0534,MAKUYU
108,0535,KAMBITI
108,0536,KAMAHUHA
108,0537,ICHAGAKI
108,0538,NGINDA
109,0539,NG'ARARIA
109,0540,MURUKA
109,0541,KAGUNDU-INI
109,0542,GAICHANJIRU
109,0543,ITHIRU
109,0544,RUCHU
110,0545,ITHANGA
110,0546,KAKUZI/MITUBIRI
110,0547,MUGUMO-INI
110,0548,KIHUMBU-INI
110,0549,GATANGA
110,0550,KARIARA
111,0551,KIAMWANGI
111,0552,KIGANJO
111,0553,NDARUGU
111,0554,NGENDA
112,0555,GITUAMBA
112,0556,GITHOBOKONI
112,0557,CHANIA
112,0558,MANG'U
113,0559,MURERA
113,0560,THETA
113,0561,JUJA
113,0562,WITEITHIE
113,0563,KALIMONI
114,0564,TOWNSHIP
114,0565,KAMENU
114,0566,HOSPITAL
114,0567,GATUANYAGA
114,0568,NGOLIBA
115,0569,GITOTHUA
115,0570,BIASHARA
115,0571,GATONGORA
115,0572,KAHAWA SUKARI
115,0573,KAHAWA WENDANI
115,0574,KIUU
115,0575,MWIKI
115,0576,MWIHOKO
116,0577,GITHUNGURI
116,0578,GITHIGA
116,0579,IKINU
116,0580,NGEWA
116,0581,KOMOTHAI
117,0582,TING'ANG'A
117,0583,NDUMBERI
117,0584,RIABAI
117,0585,TOWNSHIP
118,0586,CIANDA
118,0587,KARURI
118,0588,NDENDERU
118,0589,MUCHATHA
118,0590,KIHARA
119,0591,GITARU
119,0592,MUGUGA
119,0593,NYADHUNA
119,0594,KABETE
119,0595,UTHIRU
120,0596,KARAI
120,0597,NACHU
120,0598,SIGONA
120,0599,KIKUYU
120,0600,KINOO
121,0601,BIBIRIONI
121,0602,LIMURU CENTRAL
121,0603,NDEIYA
121,0604,LIMURU EAST
121,0605,NGECHA TIGONI
122,0606,KINALE
122,0607,KIJABE
122,0608,NYANDUMA
122,0609,KAMBURU
122,0610,LARI/KIRENGA
123,0611,KAERIS
123,0612,LAKE ZONE
123,0613,LAPUR
123,0614,KAALENG/KAIKOR
123,0615,KIBISH
123,0616,NAKALALE
124,0617,KAKUMA
124,0618,LOPUR
124,0619,LETEA
124,0620,SONGOT
124,0621,KALOBEYEI
124,0622,LOKICHOGGIO
124,0623,NANAAM
125,0624,KERIO DELTA
125,0625,KANG'ATOTHA
125,0626,KALOKOL
125,0627,LODWAR TOWNSHIP
125,0628,KANAMKEMER
126,0629,KOTARUK/LOBEI
126,0630,TURKWEL
126,0631,LOIMA
126,0632,LOKIRIAMA/LORENGIPPI
127,0633,KAPUTIR
127,0634,KATILU
127,0635,LOBOKAT
127,0636,KALAPATA
127,0637,LOKICHAR
128,0638,KAPEDO/NAPEITOM
128,0639,KATILIA
128,0640,LOKORI/KOCHODIN
129,0641,RIWO
129,0642,KAPENGURIA
129,0643,MNAGEI
129,0644,SIYOI
129,0645,ENDUGH
129,0646,SOOK
130,0647,SEKERR
130,0648,MASOOL
130,0649,LOMUT
130,0650,WEIWEI
131,0651,SUAM
131,0652,KODICH
131,0653,KAPCKOK
131,0654,KASEI
131,0655,KIWAWA
131,0656,ALALE
132,0657,CHEPARERIA
132,0658,BATEI
132,0659,LELAN
132,0660,TAPACH
133,0661,LODOKEJEK
133,0662,SUGUTA MARMAR
133,0663,MARALAL
133,0664,LOOSUK
133,0665,PORO
134,0666,EL-BARTA
134,0667,NACHOLA
134,0668,NDOTO
134,0669,NYIRO
134,0670,ANGATA NANYOKIE
134,0671,BAAWA
135,0672,WASO
135,0673,WAMBA WEST
135,0674,WAMBA EAST
135,0675,WAMBA NORTH
136,0676,KAPOMBOI
136,0677,KWANZA
136,0678,KEIYO
136,0679,BIDII
137,0680,CHEPCHOINA
137,0681,ENDEBESS
137,0682,MATUMBEI
138,0683,KINYORO
138,0684,MATISI
138,0685,TUWANI
138,0686,SABOTI
138,0687,MACHEWA
139,0688,KIMININI
139,0689,WAITALUK
139,0690,SIRENDE
139,0691,HOSPITAL
139,0692,SIKHENDU
139,0693,NABISWA
140,0694,SINYERERE
140,0695,MAKUTANO
140,0696,KAPLAMAI
140,0697,MOTOSIET
140,0698,CHERANGANY/SUWERWA
140,0699,CHEPSIRO/KIPTOROR
140,0700,SITATUNGA
141,0701,MOI'S BRIDGE
141,0702,KAPKURES
141,0703,ZIWA
141,0704,SEGERO/BARSOMBE
141,0705,KIPSOMBA
141,0706,SOY
141,0707,KUINET/KAPSUSWA
142,0708,NGENYILEL
142,0709,TAPSAGOI
142,0710,KAMAGUT
142,0711,KIPLOMBE
142,0712,KAPSAOS
142,0713,HURUMA
143,0714,TEMBELIO
143,0715,SERGOIT
143,0716,KARUNA/MEIBEKI
143,0717,MOIBEN
143,0718,KIMUMU
144,0719,KAPSOYA
144,0720,KAPTAGAT
144,0721,AINABKOI/OLARE
145,0722,SIMAT/KAPSERET
145,0723,KIPKENYO
145,0724,NGERIA
145,0725,MEGUN
145,0726,LANGAS
146,0727,RACECOURSE
146,0728,CHEPTIRET/KIPCHAMO
146,0729,TULWET/CHUIYAT
146,0730,TARAKWA
147,0731,KAPYEGO
147,0732,SAMBIRIR
147,0733,ENDO
147,0734,EMBOBUT / EMBULOT
148,0735,LELAN
148,0736,SENGWER
148,0737,CHERANG'ANY/CHEBORORWA
148,0738,MOIBEN/KUSERWO
148,0739,KAPSOWAR
148,0740,ARROR
149,0741,EMSOO
149,0742,KAMARINY
149,0743,KAPCHEMUTWA
149,0744,TAMBACH
150,0745,KAPTARAKWA
150,0746,CHEPKORIO
150,0747,SOY NORTH
150,0748,SOY SOUTH
150,0749,KABIEMIT
150,0750,METKEI
151,0751,SONGHOR/SOBA
151,0752,TINDIRET
151,0753,CHEMELIL/CHEMASE
151,0754,KAPSIMOTWO
152,0755,KABWARENG
152,0756,TERIK
152,0757,KEMELOI-MARABA
152,0758,KOBUJOI
152,0759,KAPTUMO-KABOI
152,0760,KOYO-NDURIO
153,0761,NANDI HILLS
153,0762,CHEPKUNYUK
153,0763,OL'LESSOS
153,0764,KAPCHORUA
154,0765,CHEMUNDU/KAPNG'ETUNY
154,0766,KOSIRAI
154,0767,LELMOKWO/NGECHEK
154,0768,KAPTEL/KAMOIYWO
154,0769,KIPTUYA
155,0770,CHEPKUMIA
155,0771,KAPKANGANI
155,0772,KAPSABET
155,0773,KILIBWONI
156,0774,CHEPTERWAI
156,0775,KIPKAREN
156,0776,KURGUNG/SURUNGAI
156,0777,KABIYET
156,0778,NDALAT
156,0779,KABISAGA
156,0780,SANGALO/KEBULONIK
157,0781,TIRIOKO
157,0782,KOLOWA
157,0783,RIBKWO
157,0784,SILALE
157,0785,LOIYAMOROCK
157,0786,TANGULBEI/KOROSSI
157,0787,CHURO/AMAYA
158,0788,BARWESSA
158,0789,KABARTONJO
158,0790,SAIMO/KIPSARAMAN
158,0791,SAIMO/SOI
158,0792,BARTABWA
159,0793,KABARNET
159,0794,SACHO
159,0795,TENGES
159,0796,EWALEL CHAPCHAP
159,0797,KAPROPITA
160,0798,MARIGAT
160,0799,ILCHAMUS
160,0800,MOCHONGOI
160,0801,MUKUTANI
161,0802,MOGOTIO
161,0803,EMINING
161,0804,KISANANA
162,0805,LEMBUS
162,0806,LEMBUS KWEN
162,0807,RAVINE
162,0808,MUMBERES/MAJI MAZURI
162,0809,LEMBUS/PERKERRA
162,0810,KOIBATEK
163,0811,OLMORAN
163,0812,RUMURUTI TOWNSHIP
163,0813,KINAMBA
163,0814,MARMANET
163,0815,IGWAMITI
163,0816,SALAMA
164,0817,NGOBIT
164,0818,TIGITHI
164,0819,THINGITHU
164,0820,NANYUKI
164,0821,UMANDE
165,0822,SOSIAN
165,0823,SEGERA
165,0824,MUKOGONDO WEST
165,0825,MUKOGONDO EAST
166,0826,MARIASHONI
166,0827,ELBURGON
166,0828,TURI
166,0829,MOLO
167,0830,MAUNAROK
167,0831,MAUCHE
167,0832,KIHINGO
167,0833,NESSUIT
167,0834,LARE
167,0835,NJORO
168,0836,BIASHARA
168,0837,HELLS GATE
168,0838,LAKEVIEW
168,0839,MAAI-MAHIU
168,0840,MAIELLA
168,0841,OLKARIA
168,0842,NAIVASHA EAST
168,0843,VIWANDANI
169,0844,GILGIL
169,0845,ELEMENTAITA
169,0846,MBARUK/EBURU
169,0847,MALEWA WEST
169,0848,MURINDATI
170,0849,AMALO
170,0850,KERINGET
170,0851,KIPTAGICH
170,0852,TINET
171,0853,KIPTORORO
171,0854,NYOTA
171,0855,SIRIKWA
171,0856,KAMARA
172,0857,SUBUKIA
172,0858,WASEGES
172,0859,KABAZI
173,0860,MENENGAI WEST
173,0861,SOIN
173,0862,VISOI
173,0863,MOSOP
173,0864,SOLAI
174,0865,DUNDORI
174,0866,KABATINI
174,0867,KIAMAINA
174,0868,LANET/UMOJA
174,0869,BAHATI
175,0870,BARUT
175,0871,LONDON
175,0872,KAPTEMBWO
175,0873,KAPKURES
175,0874,RHODA
175,0875,SHAABAB
176,0876,BIASHARA
176,0877,KIVUMBINI
176,0878,FLAMINGO
176,0879,MENENGAI
176,0880,NAKURU EAST
177,0881,KILGORIS CENTRAL
177,0882,KEYIAN
177,0883,ANGATA BARIKOI
177,0884,SHANKOE
177,0885,KIMINTET
177,0886,LOLGORIAN
178,0887,ILKERIN
178,0888,OLOLMASANI
178,0889,MOGONDO
178,0890,KAPSASIAN
179,0891,OLPUSIMORU
179,0892,OLOKURTO
179,0893,NAROK TOWN
179,0894,NKARETA
179,0895,OLORROPIL
179,0896,MELILI
180,0897,MOSIRO
180,0898,ILDAMAT
180,0899,KEEKONYOKIE
180,0900,SUSWA
181,0901,MAJIMOTO/NAROOSURA
181,0902,OLOLULUNG'A
181,0903,MELELO
181,0904,LOITA
181,0905,SOGOO
181,0906,SAGAMIAN
182,0907,ILMOTIOK
182,0908,MARA
182,0909,SIANA
182,0910,NAIKARRA
183,0911,OLKERI
183,0912,ONGATA RONGAI
183,0913,NKAIMURUNYA
183,0914,OLOOLUA
183,0915,NGONG
184,0916,PURKO
184,0917,ILDAMAT
184,0918,DALALEKUTUK
184,0919,MATAPATO NORTH
184,0920,MATAPATO SOUTH
185,0921,KAPUTIEI NORTH
185,0922,KITENGELA
185,0923,OLOOSIRKON/SHOLINKE
185,0924,KENYAWA-POKA
185,0925,IMARORO
186,0926,KEEKONYOKIE
186,0927,ILOODOKILANI
186,0928,MAGADI
186,0929,EWUASO OONKIDONG'I
186,0930,MOSIRO
187,0931,ENTONET/LENKISIM
187,0932,MBIRIKANI/ESELENKEI
187,0933,KUKU
187,0934,ROMBO
187,0935,KIMANA
188,0936,LONDIANI
188,0937,KEDOWA/KIMUGUL
188,0938,CHEPSEON
188,0939,TENDENO/SORGET
189,0940,KUNYAK
189,0941,KAMASIAN
189,0942,KIPKELION
189,0943,CHILCHILA
190,0944,KAPSOIT
190,0945,AINAMOI
190,0946,KAPKUGERWET
190,0947,KIPCHEBOR
190,0948,KIPCHIMCHIM
190,0949,KAPSAOS
191,0950,KISIARA
191,0951,TEBESONIK
191,0952,CHEBOIN
191,0953,CHEMOSOT
191,0954,LITEIN
191,0955,CHEPLANGET
191,0956,KAPKATET
192,0957,WALDAI
192,0958,KABIANGA
192,0959,CHEPTORORIET/SERETUT
192,0960,CHAIK
192,0961,KAPSUSER
193,0962,SIGOWET
193,0963,KAPLELARTET
193,0964,SOLIAT
193,0965,SOIN
194,0966,NDANAI/ABOSI
194,0967,CHEMAGEL
194,0968,KIPSONOI
194,0969,KAPLETUNDO
194,0970,RONGENA/MANARET
195,0971,KONG'ASIS
195,0972,NYANGORES
195,0973,SIGOR
195,0974,CHEBUNYO
195,0975,SIONGIROI
196,0976,MERIGI
196,0977,KEMBU
196,0978,LONGISA
196,0979,KIPRERES
196,0980,CHEMANER
197,0981,SILIBWET TOWNSHIP
197,0982,NDARAWETA
197,0983,SINGORWET
197,0984,CHESOEN
197,0985,MUTARAKWA
198,0986,CHEPCHABAS
198,0987,KIMULOT
198,0988,MOGOGOSIEK
198,0989,BOITO
198,0990,EMBOMOS
199,0991,MAUTUMA
199,0992,LUGARI
199,0993,LUMAKANDA
199,0994,CHEKALINI
199,0995,CHEVAYWA
199,0996,LWANDETI
200,0997,LIKUYANI
200,0998,SANGO
200,0999,KONGONI
200,1000,NZOIA
200,1001,SINOKO
201,1002,WEST KABRAS
201,1003,CHEMUCHE
201,1004,EAST KABRAS
201,1005,BUTALI/CHEGULO
201,1006,MANDA-SHIVANGA
201,1007,SHIRUGU-MUGAI
201,1008,SOUTH KABRAS
202,1009,BUTSOTSO EAST
202,1010,BUTSOTSO SOUTH
202,1011,BUTSOTSO CENTRAL
202,1012,SHEYWE
202,1013,MAHIAKALO
202,1014,SHIRERE
203,1015,INGOSTSE-MATHIA
203,1016,SHINOYI-SHIKOMARI-
203,1017,BUNYALA WEST
203,1018,BUNYALA EAST
203,1019,BUNYALA CENTRAL
204,1020,MUMIAS CENTRAL
204,1021,MUMIAS NORTH
204,1022,ETENJE
204,1023,MUSANDA
205,1024,LUBINU/LUSHEYA
205,1025,ISONGO/MAKUNGA/MALAHA
205,1026,EAST WANGA
206,1027,KOYONZO
206,1028,KHOLERA
206,1029,KHALABA
206,1030,MAYONI
206,1031,NAMAMALI
207,1032,MARAMA WEST
207,1033,MARAMA CENTRAL
207,1034,MARENYO - SHIANDA
207,1035,MARAMA NORTH
207,1036,MARAMA SOUTH
208,1037,KISA NORTH
208,1038,KISA EAST
208,1039,KISA WEST
208,1040,KISA CENTRAL
209,1041,ISUKHA NORTH
209,1042,MURHANDA
209,1043,ISUKHA CENTRAL
209,1044,ISUKHA SOUTH
209,1045,ISUKHA EAST
209,1046,ISUKHA WEST
210,1047,IDAKHO SOUTH
210,1048,IDAKHO EAST
210,1049,IDAKHO NORTH
210,1050,IDAKHO CENTRAL
211,1051,LUGAGA-WAMULUMA
211,1052,SOUTH MARAGOLI
211,1053,CENTRAL MARAGOLI
211,1054,MUNGOMA
212,1055,LYADUYWA/IZAVA
212,1056,WEST SABATIA
212,1057,CHAVAKALI
212,1058,NORTH MARAGOLI
212,1059,WODANGA
212,1060,BUSALI
213,1061,SHIRU
213,1062,MUHUDU
213,1063,SHAMAKHOKHO
213,1064,GISAMBAI
213,1065,BANJA
213,1066,TAMBUA
213,1067,JEPKOYAI
214,1068,LUANDA TOWNSHIP
214,1069,WEMILABI
214,1070,MWIBONA
214,1071,LUANDA SOUTH
214,1072,EMABUNGO
215,1073,NORTH EAST BUNYORE
215,1074,CENTRAL BUNYORE
215,1075,WEST BUNYORE
216,1076,CHEPTAIS
216,1077,CHESIKAKI
216,1078,CHEPYUK
216,1079,KAPKATENY
216,1080,KAPTAMA
216,1081,ELGON
217,1082,NAMWELA
217,1083,MALAKISI/SOUTH KULISIRU
217,1084,LWANDANYI
218,1085,KABUCHAI/CHWELE
218,1086,WEST NALONDO
218,1087,BWAKE/LUUYA
218,1088,MUKUYUNI
219,1089,SOUTH BUKUSU
219,1090,BUMULA
219,1091,KHASOKO
219,1092,KABULA
219,1093,KIMAETI
219,1094,WEST BUKUSU
219,1095,SIBOTI
220,1096,BUKEMBE WEST
220,1097,BUKEMBE EAST
220,1098,TOWNSHIP
220,1099,KHALABA
220,1100,MUSIKOMA
220,1101,EAST SANG'ALO
220,1102,MARAKARU/TUUTI
220,1103,SANG'ALO WEST
221,1104,MIHUU
221,1105,NDIVISI
221,1106,MARAKA
222,1107,MISIKHU
222,1108,SITIKHO
222,1109,MATULO
222,1110,BOKOLI
223,1111,KIMILILI
223,1112,KIBINGEI
223,1113,MAENI
223,1114,KAMUKUYWA
224,1115,MBAKALO
224,1116,NAITIRI/KABUYEFWE
224,1117,MILIMA
224,1118,NDALU/ TABANI
224,1119,TONGAREN
224,1120,SOYSAMBU/ MITUA
225,1121,MALABA CENTRAL
225,1122,MALABA NORTH
225,1123,ANG'URAI SOUTH
225,1124,ANG'URAI NORTH
225,1125,ANG'URAI EAST
225,1126,MALABA SOUTH
226,1127,ANG'OROM
226,1128,CHAKOL SOUTH
226,1129,CHAKOL NORTH
226,1130,AMUKURA WEST
226,1131,AMUKURA EAST
226,1132,AMUKURA CENTRAL
227,1133,NAMBALE TOWNSHIP
227,1134,BUKHAYO NORTH/WALTSI
227,1135,BUKHAYO EAST
227,1136,BUKHAYO CENTRAL
228,1137,BUKHAYO WEST
228,1138,MAYENJE
228,1139,MATAYOS SOUTH
228,1140,BUSIBWABO
228,1141,BURUMBA
229,1142,MARACHI WEST
229,1143,KINGANDOLE
229,1144,MARACHI CENTRAL
229,1145,MARACHI EAST
229,1146,MARACHI NORTH
229,1147,ELUGULU
230,1148,NAMBOBOTO NAMBUKU
230,1149,NANGINA
230,1150,AGENG'A NANGUBA
230,1151,BWIRI
231,1152,BUNYALA CENTRAL
231,1153,BUNYALA NORTH
231,1154,BUNYALA WEST
231,1155,BUNYALA SOUTH
232,1156,WEST UGENYA
232,1157,UKWALA
232,1158,NORTH UGENYA
232,1159,EAST UGENYA
233,1160,SIDINDI
233,1161,SIGOMERE
233,1162,UGUNJA
234,1163,USONGA
234,1164,WEST ALEGO
234,1165,CENTRAL ALEGO
234,1166,SIAYA TOWNSHIP
234,1167,NORTH ALEGO
234,1168,SOUTH EAST ALEGO
235,1169,NORTH GEM
235,1170,WEST GEM
235,1171,CENTRAL GEM
235,1172,YALA TOWNSHIP
235,1173,EAST GEM
235,1174,SOUTH GEM
236,1175,WEST YIMBO
236,1176,CENTRAL SAKWA
236,1177,SOUTH SAKWA
236,1178,YIMBO EAST
236,1179,WEST SAKWA
236,1180,NORTH SAKWA
237,1181,EAST ASEMBO
237,1182,WEST ASEMBO
237,1183,NORTH UYOMA
237,1184,SOUTH UYOMA
237,1185,WEST UYOMA
238,1186,KAJULU
238,1187,KOLWA EAST
238,1188,MANYATTA 'B'
238,1189,NYALENDA 'A'
238,1190,KOLWA CENTRAL
239,1191,SOUTH WEST KISUMU
239,1192,CENTRAL KISUMU
239,1193,KISUMU NORTH
239,1194,WEST KISUMU
239,1195,NORTH WEST KISUMU
240,1196,RAILWAYS
240,1197,MIGOSI
240,1198,SHAURIMOYO KALOLENI
240,1199,MARKET MILIMANI
240,1200,KONDELE
240,1201,NYALENDA B
241,1202,WEST SEME
241,1203,CENTRAL SEME
241,1204,EAST SEME
241,1205,NORTH SEME
242,1206,EAST KANO/WAWIDHI
242,1207,AWASI/ONJIKO
242,1208,AHERO
242,1209,KABONYO/KANYAGWAL
242,1210,KOBURA
243,1211,MIWANI
243,1212,OMBEYI
243,1213,MASOGO/NYANG'OMA
243,1214,CHEMELIL
243,1215,MUHORONI/KORU
244,1216,SOUTH WEST NYAKACH
244,1217,NORTH NYAKACH
244,1218,CENTRAL NYAKACH
244,1219,WEST NYAKACH
244,1220,SOUTH EAST NYAKACH
245,1221,WEST KASIPUL
245,1222,SOUTH KASIPUL
245,1223,CENTRAL KASIPUL
245,1224,EAST KAMAGAK
245,1225,WEST KAMAGAK
246,1226,KABONDO EAST
246,1227,KABONDO WEST
246,1228,KOKWANYO/KAKELO
246,1229,KOJWACH
247,1230,WEST KARACHUONYO
247,1231,NORTH KARACHUONYO
247,1232,CENTRAL
247,1233,KANYALUO
247,1234,KIBIRI
247,1235,WANGCHIENG
247,1236,KENDU BAY TOWN
248,1237,WEST GEM
248,1238,EAST GEM
248,1239,KAGAN
248,1240,KOCHIA
249,1241,HOMA BAY CENTRAL
249,1242,HOMA BAY ARUJO
249,1243,HOMA BAY WEST
249,1244,HOMA BAY EAST
250,1245,KWABWAI
250,1246,KANYADOTO
250,1247,KANYIKELA
250,1248,NORTH KABUOCH
250,1249,KABUOCH SOUTH/PALA
250,1250,KANYAMWA KOLOGI
250,1251,KANYAMWA KOSEWE
251,1252,MFANGANO ISLAND
251,1253,RUSINGA ISLAND
251,1254,KASGUNGA
251,1255,GEMBE
251,1256,LAMBWE
252,1257,GWASSI SOUTH
252,1258,GWASSI NORTH
252,1259,KAKSINGRI WEST
252,1260,RUMA KAKSINGRI EAST
253,1261,NORTH KAMAGAMBO
253,1262,CENTRAL KAMAGAMBO
253,1263,EAST KAMAGAMBO
253,1264,SOUTH KAMAGAMBO
254,1265,NORTH SAKWA
254,1266,SOUTH SAKWA
254,1267,WEST SAKWA
254,1268,CENTRAL SAKWA
255,1269,GOD JOPE
255,1270,SUNA CENTRAL
255,1271,KAKRAO
255,1272,KWA
256,1273,WIGA
256,1274,WASWETA II
256,1275,RAGANA-ORUBA
256,1276,WASIMBETE
257,1277,WEST KANYAMKAGO
257,1278,NORTH KANYAMKAGO
257,1279,CENTRAL KANYAMKAGO
257,1280,SOUTH KANYAMKAGO
257,1281,EAST KANYAMKAGO
258,1282,KACHIEN'G
258,1283,KANYASA
258,1284,NORTH KADEM
258,1285,MACALDER/KANYARWANDA
258,1286,KALER
258,1287,GOT KACHOLA
258,1288,MUHURU
259,1289,BUKIRA EAST
259,1290,BUKIRA CENTRL/IKEREGE
259,1291,ISIBANIA
259,1292,MAKERERO
259,1293,MASABA
259,1294,TAGARE
259,1295,NYAMOSENSE/KOMOSOKO
260,1296,GOKEHARAKA/GETAMBWEGA
260,1297,NTIMARU WEST
260,1298,NTIMARU EAST
260,1299,NYABASI EAST
260,1300,NYABASI WEST
261,1301,BOMARIBA
261,1302,BOGIAKUMU
261,1303,BOMORENDA
261,1304,RIANA
262,1305,TABAKA
262,1306,BOIKANG'A
262,1307,BOGETENGA
262,1308,BORABU / CHITAGO
262,1309,MOTICHO
262,1310,GETENGA
263,1311,BOMBABA BORABU
263,1312,BOOCHI BORABU
263,1313,BOKIMONGE
263,1314,MAGENCHE
264,1315,MASIGE WEST
264,1316,MASIGE EAST
264,1317,BOBASI CENTRAL
264,1318,NYACHEKI
264,1319,BOBASI BOGETAORIO
264,1320,BOBASI CHACHE
264,1321,SAMETA/MOKWERERO
264,1322,BOBASI BOITANGARE
265,1323,MAJOGE
265,1324,BOOCHI/TENDERE
265,1325,BOSOTI/SENGERA
266,1326,ICHUNI
266,1327,NYAMASIBI
266,1328,MASIMBA
266,1329,GESUSU
266,1330,KIAMOKAMA
267,1331,BOBARACHO
267,1332,KISII CENTRAL
267,1333,KEUMBU
267,1334,KIOGORO
267,1335,BIRONGO
267,1336,IBENO
268,1337,MONYERERO
268,1338,SENSI
268,1339,MARANI
268,1340,KEGOGI
269,1341,BOGUSERO
269,1342,BOGEKA
269,1343,NYAKOE
269,1344,KITUTU   CENTRAL
269,1345,NYATIEKO
270,1346,RIGOMA
270,1347,GACHUBA
270,1348,KEMERA
270,1349,MAGOMBO
270,1350,MANGA
270,1351,GESIMA
271,1352,NYAMAIYA
271,1353,BOGICHORA
271,1354,BOSAMARO
271,1355,BONYAMATUTA
271,1356,TOWNSHIP
272,1357,ITIBO
272,1358,BOMWAGAMO
272,1359,BOKEIRA
272,1360,MAGWAGWA
272,1361,EKERENYO
273,1362,MEKENENE
273,1363,KIABONYORU
273,1364,NYANSIONGO
273,1365,ESISE
274,1366,KITISURU
274,1367,PARKLANDS/HIGHRIDGE
274,1368,KARURA
274,1369,KANGEMI
274,1370,MOUNTAIN VIEW
275,1371,KILIMANI
275,1372,KAWANGWARE
275,1373,GATINA
275,1374,KILELESHWA
275,1375,KABIRO
276,1376,MUTUINI
276,1377,NGANDO
276,1378,RIRUTA
276,1379,UTHIRU/RUTHIMITU
276,1380,WAITHAKA
277,1381,KAREN
277,1382,NAIROBI WEST
277,1383,MUGUMO-INI
277,1384,SOUTH-C
277,1385,NYAYO HIGHRISE
278,1386,LAINI SABA
278,1387,LINDI
278,1388,MAKINA
278,1389,WOODLEY/KENYATTA GOLF
278,1390,SARANGOMBE
279,1391,GITHURAI
279,1392,KAHAWA WEST
279,1393,ZIMMERMAN
279,1394,ROYSAMBU
279,1395,KAHAWA
280,1396,CLAYCITY
280,1397,MWIKI
280,1398,KASARANI
280,1399,NJIRU
280,1400,RUAI
281,1401,BABA DOGO
281,1402,UTALII
281,1403,MATHARE NORTH
281,1404,LUCKY SUMMER
281,1405,KOROGOCHO
282,1406,IMARA DAIMA
282,1407,KWA NJENGA
282,1408,KWA REUBEN
282,1409,PIPELINE
282,1410,KWARE
283,1411,KARIOBANGI NORTH
283,1412,DANDORA AREA I
283,1413,DANDORA AREA II
283,1414,DANDORA AREA III
283,1415,DANDORA AREA IV
284,1416,KAYOLE NORTH
284,1417,KAYOLE CENTRAL
284,1418,KAYOLE SOUTH
284,1419,KOMAROCK
284,1420,MATOPENI
285,1421,UPPER SAVANNAH
285,1422,LOWER SAVANNAH
285,1423,EMBAKASI
285,1424,UTAWALA
285,1425,MIHANGO
286,1426,UMOJA I
286,1427,UMOJA II
286,1428,MOWLEM
286,1429,KARIOBANGI SOUTH
287,1430,MAKONGENI
287,1431,MARINGO/HAMZA
287,1432,HARAMBEE
287,1433,VIWANDANI
288,1434,PUMWANI
288,1435,EASTLEIGH NORTH
288,1436,EASTLEIGH SOUTH
288,1437,AIRBASE
288,1438,CALIFORNIA
289,1439,NAIROBI CENTRAL
289,1440,NGARA
289,1441,ZIWANI/KARIOKOR
289,1442,PANGANI
289,1443,LANDIMAWE
289,1444,NAIROBI SOUTH
290,1445,HOSPITAL
290,1446,MABATINI
290,1447,HURUMA
290,1448,NGEI
290,1449,MLANGO KUBWA
290,1450,KIAMAIKO
291,5000,TANZANIA
291,5001,UGANDA
291,5002,RWANDA
291,5003,BURUNDI
291,5004,SOUTH AFRICA
291,5005,SOUTH SUDAN
291,5006,GERMANY
291,5007,UNITED KINGDOM
291,5008,QATAR
291,5009,UNITED ARAB EMIRATES
291,5010,CANADA
291,5011,UNITED STATES OF AMERICA
292,1451,PRISONS

